Name,Price,Category,Color,Size,Rating,Reviews,URL,Image URL,Product Number
TIPHEDE 팁헤데,"18,000",평직러그, 내추럴/블랙,120x180 cm,3.9,52,https://www.ikea.com/kr/ko/p/tiphede-rug-flatwoven-natural-black-00456759/,https://www.ikea.com/kr/ko/images/products/tiphede-rug-flatwoven-natural-black__0772066_pe755879_s5.jpg?f=s,00456759
SPORUP 스포루프,"119,000",단모러그, 브라운,170x240 cm,4.5,16,https://www.ikea.com/kr/ko/p/sporup-rug-low-pile-brown-10453430/,https://www.ikea.com/kr/ko/images/products/sporup-rug-low-pile-brown__0730382_pe737523_s5.jpg?f=s,10453430
STOENSE 스토엔세,"199,000",단모러그, 오프화이트,200x300 cm,4.5,45,https://www.ikea.com/kr/ko/p/stoense-rug-low-pile-off-white-00426809/,https://www.ikea.com/kr/ko/images/products/stoense-rug-low-pile-off-white__0624402_pe691814_s5.jpg?f=s,00426809
STOENSE 스토엔세,"49,900",단모러그, 오프화이트,130 cm,4.3,10,https://www.ikea.com/kr/ko/p/stoense-rug-low-pile-off-white-80426805/,https://www.ikea.com/kr/ko/images/products/stoense-rug-low-pile-off-white__0622593_pe690629_s5.jpg?f=s,80426805
GRACIÖS 그라시외스,"49,900",러그, 핑크/블루,133x160 cm,4.8,4,https://www.ikea.com/kr/ko/p/gracioes-rug-pink-blue-50462512/,https://www.ikea.com/kr/ko/images/products/gracioes-rug-pink-blue__0774028_pe756576_s5.jpg?f=s,50462512
LANGSTED 랑스테드,"59,900",단모러그, 옐로,133x195 cm,4.4,27,https://www.ikea.com/kr/ko/p/langsted-rug-low-pile-yellow-00408056/,https://www.ikea.com/kr/ko/images/products/langsted-rug-low-pile-yellow__0708105_pe726548_s5.jpg?f=s,00408056
VONSBÄK 본스베크,"119,000",단모러그, 그린,170x230 cm,4.4,9,https://www.ikea.com/kr/ko/p/vonsbaek-rug-low-pile-green-50450038/,https://www.ikea.com/kr/ko/images/products/vonsbaek-rug-low-pile-green__0717879_pe731373_s5.jpg?f=s,50450038
BUSENKEL 부셍켈,"69,900",러그, 할리퀸 패턴/멀티컬러,130x160 cm,No Review,No Review,https://www.ikea.com/kr/ko/p/busenkel-rug-harlequin-pattern-multicolour-40520428/,https://www.ikea.com/kr/ko/images/products/busenkel-rug-harlequin-pattern-multicolour__1032940_pe837065_s5.jpg?f=s,40520428
STOENSE 스토엔세,"49,900",단모러그, 오프화이트,80x150 cm,4.9,15,https://www.ikea.com/kr/ko/p/stoense-rug-low-pile-off-white-60426806/,https://www.ikea.com/kr/ko/images/products/stoense-rug-low-pile-off-white__0624419_pe691827_s5.jpg?f=s,60426806
VIRKLUND 비르클룬드,"79,900",평직러그, 실내외,160x230 cm,No Review,No Review,https://www.ikea.com/kr/ko/p/virklund-rug-flatwoven-in-outdoor-beige-dark-grey-40517949/,https://www.ikea.com/kr/ko/images/products/virklund-rug-flatwoven-in-outdoor-beige-dark-grey__1048368_pe843701_s5.jpg?f=s,40517949
RÖRANDE 뢰란데,"49,900",러그, 삼각형,133x160 cm,5,1,https://www.ikea.com/kr/ko/p/roerande-rug-triangle-80462600/,https://www.ikea.com/kr/ko/images/products/roerande-rug-triangle__0787612_pe763387_s5.jpg?f=s,80462600
LINDKNUD 린드크누드,"19,900",장모러그, 베이지,60x90 cm,4.8,34,https://www.ikea.com/kr/ko/p/lindknud-rug-high-pile-beige-40426280/,https://www.ikea.com/kr/ko/images/products/lindknud-rug-high-pile-beige__0674006_pe717502_s5.jpg?f=s,40426280
MORUM 모룸,"29,900",평직러그, 실내외,80x200 cm,5,1,https://www.ikea.com/kr/ko/p/morum-rug-flatwoven-in-outdoor-dark-grey-90203574/,https://www.ikea.com/kr/ko/images/products/morum-rug-flatwoven-in-outdoor-dark-grey__0123534_pe279670_s5.jpg?f=s,90203574
VIRKLUND 비르클룬드,"19,900",평직러그, 실내외,80x150 cm,No Review,No Review,https://www.ikea.com/kr/ko/p/virklund-rug-flatwoven-in-outdoor-white-beige-dark-grey-80517947/,https://www.ikea.com/kr/ko/images/products/virklund-rug-flatwoven-in-outdoor-white-beige-dark-grey__1048382_pe843704_s5.jpg?f=s,80517947
MORUM 모룸,"79,900",평직러그, 실내외,160x230 cm,4.2,6,https://www.ikea.com/kr/ko/p/morum-rug-flatwoven-in-outdoor-beige-00203564/,https://www.ikea.com/kr/ko/images/products/morum-rug-flatwoven-in-outdoor-beige__0123529_pe279665_s5.jpg?f=s,00203564
KNARDRUP 크나르드루프,"129,000",단모러그, 화이트,133x195 cm,4.3,3,https://www.ikea.com/kr/ko/p/knardrup-rug-low-pile-white-40492623/,https://www.ikea.com/kr/ko/images/products/knardrup-rug-low-pile-white__0933973_pe792259_s5.jpg?f=s,40492623
AUNING 아우닝,"19,900",주방매트, 베이지,45x120 cm,4.9,36,https://www.ikea.com/kr/ko/p/auning-kitchen-mat-beige-80414765/,https://www.ikea.com/kr/ko/images/products/auning-kitchen-mat-beige__0588900_pe673223_s5.jpg?f=s,80414765
PILLEMARK 필레마르크,"17,900",도어매트, 실내,50x90 cm,4.8,4,https://www.ikea.com/kr/ko/p/pillemark-door-mat-indoor-rainbow-50481011/,https://www.ikea.com/kr/ko/images/products/pillemark-door-mat-indoor-rainbow__0806525_pe769978_s5.jpg?f=s,50481011
LOHALS 로할스,"179,000",평직러그, 내추럴,200x300 cm,4.6,9,https://www.ikea.com/kr/ko/p/lohals-rug-flatwoven-natural-80277396/,https://www.ikea.com/kr/ko/images/products/lohals-rug-flatwoven-natural__0280230_pe419175_s5.jpg?f=s,80277396
BRYNDUM 브륀둠,"9,900",주방매트, 그레이,45x120 cm,4.6,54,https://www.ikea.com/kr/ko/p/bryndum-kitchen-mat-grey-60406337/,https://www.ikea.com/kr/ko/images/products/bryndum-kitchen-mat-grey__0448508_pe598172_s5.jpg?f=s,60406337
VINDEBÄK 빈데베크,"69,900",장모러그, 다크그린,133x195 cm,4.5,4,https://www.ikea.com/kr/ko/p/vindebaek-rug-high-pile-dark-green-00507886/,https://www.ikea.com/kr/ko/images/products/vindebaek-rug-high-pile-dark-green__0989203_pe818411_s5.jpg?f=s,00507886
VINDUM 빈둠,"279,000",장모러그, 화이트,200x270 cm,4.8,9,https://www.ikea.com/kr/ko/p/vindum-rug-high-pile-white-90344989/,https://www.ikea.com/kr/ko/images/products/vindum-rug-high-pile-white__0721735_pe733365_s5.jpg?f=s,90344989
RÖRKÄR 뢰르셰르,"29,900",평직러그, 블랙/내추럴,80x150 cm,4.3,3,https://www.ikea.com/kr/ko/p/roerkaer-rug-flatwoven-black-natural-50418779/,https://www.ikea.com/kr/ko/images/products/roerkaer-rug-flatwoven-black-natural__0617670_pe688119_s5.jpg?f=s,50418779
LOHALS 로할스,"39,900",평직러그, 내추럴,80x150 cm,4.7,9,https://www.ikea.com/kr/ko/p/lohals-rug-flatwoven-natural-00307482/,https://www.ikea.com/kr/ko/images/products/lohals-rug-flatwoven-natural__0428163_pe583379_s5.jpg?f=s,00307482
VODSKOV 보스코브,"129,000",평직러그, 내추럴/라이트그레이,133x195 cm,No Review,No Review,https://www.ikea.com/kr/ko/p/vodskov-rug-flatwoven-natural-light-grey-60512286/,https://www.ikea.com/kr/ko/images/products/vodskov-rug-flatwoven-natural-light-grey__1047700_pe843490_s5.jpg?f=s,60512286
TÖRSLEV 퇴르슬레브,"34,900",평직러그, 스트라이프 화이트/블랙,80x150 cm,4.6,10,https://www.ikea.com/kr/ko/p/toerslev-rug-flatwoven-stripe-white-black-40418708/,https://www.ikea.com/kr/ko/images/products/toerslev-rug-flatwoven-stripe-white-black__0615373_pe687246_s5.jpg?f=s,40418708
SÖNDERÖD 쇤데뢰드,"249,000",장모러그, 블루,170x240 cm,4.9,8,https://www.ikea.com/kr/ko/p/soenderoed-rug-high-pile-blue-80345847/,https://www.ikea.com/kr/ko/images/products/soenderoed-rug-high-pile-blue__0602993_pe680614_s5.jpg?f=s,80345847
KLEJS 클레이스,"3,000",평직러그, 베이지/화이트,50x80 cm,4.2,20,https://www.ikea.com/kr/ko/p/klejs-rug-flatwoven-beige-white-50418581/,https://www.ikea.com/kr/ko/images/products/klejs-rug-flatwoven-beige-white__0709753_pe727070_s5.jpg?f=s,50418581
SVÄRDBORG 스베르드보리,"299,000",평직러그, 핸드메이드 오프화이트/멀티컬러,133x195 cm,No Review,No Review,https://www.ikea.com/kr/ko/p/svaerdborg-rug-flatwoven-handmade-off-white-multicolour-00507928/,https://www.ikea.com/kr/ko/images/products/svaerdborg-rug-flatwoven-handmade-off-white-multicolour__0989200_pe818408_s5.jpg?f=s,00507928
SORTSÖ 소르트쇠,"5,900",평직러그, 미표백,55x85 cm,4.4,16,https://www.ikea.com/kr/ko/p/sortsoe-rug-flatwoven-unbleached-50418519/,https://www.ikea.com/kr/ko/images/products/sortsoe-rug-flatwoven-unbleached__0617674_pe688123_s5.jpg?f=s,50418519
SVALLERUP 스발레루프,"129,000",평직러그, 실내외,200x200 cm,No Review,No Review,https://www.ikea.com/kr/ko/p/svallerup-rug-flatwoven-in-outdoor-black-white-70435216/,https://www.ikea.com/kr/ko/images/products/svallerup-rug-flatwoven-in-outdoor-black-white__0659641_pe710863_s5.jpg?f=s,70435216
VONSBÄK 본스베크,"49,900",단모러그, 그린,80x180 cm,4,3,https://www.ikea.com/kr/ko/p/vonsbaek-rug-low-pile-green-10450035/,https://www.ikea.com/kr/ko/images/products/vonsbaek-rug-low-pile-green__0717869_pe731369_s5.jpg?f=s,10450035
HÖJET 회예트,"179,000",평직러그, 핸드메이드 브라운,170x240 cm,No Review,No Review,https://www.ikea.com/kr/ko/p/hoejet-rug-flatwoven-handmade-brown-40382040/,https://www.ikea.com/kr/ko/images/products/hoejet-rug-flatwoven-handmade-brown__0555100_pe660136_s5.jpg?f=s,40382040
LYDERSHOLM 뤼데르스홀름,"34,900",평직러그, 실내외,80x150 cm,5,3,https://www.ikea.com/kr/ko/p/lydersholm-rug-flatwoven-in-outdoor-medium-brown-10495393/,https://www.ikea.com/kr/ko/images/products/lydersholm-rug-flatwoven-in-outdoor-medium-brown__0936190_pe793165_s5.jpg?f=s,10495393
TAULOV 타울로브,"9,900",평직러그, 베이지,60x90 cm,4,1,https://www.ikea.com/kr/ko/p/taulov-rug-flatwoven-beige-70418783/,https://www.ikea.com/kr/ko/images/products/taulov-rug-flatwoven-beige__0617679_pe688126_s5.jpg?f=s,70418783
VOLLERSLEV,"199,000",장모러그, 화이트,133x195 cm,No Review,No Review,https://www.ikea.com/kr/ko/p/vollerslev-rug-high-pile-white-90492569/,https://www.ikea.com/kr/ko/images/products/rug-high-pile-white__0933663_pe792171_s5.jpg?f=s,90492569
KÖPENHAMN 셰펜함,"399,000",평직러그, 핸드메이드 다크그레이,170x240 cm,No Review,No Review,https://www.ikea.com/kr/ko/p/koepenhamn-rug-flatwoven-handmade-dark-grey-30374559/,https://www.ikea.com/kr/ko/images/products/koepenhamn-rug-flatwoven-handmade-dark-grey__0533529_pe648648_s5.jpg?f=s,30374559
STOPP 스토프,"6,900",미끄럼방지시트,No Color,67.5x200 cm,3.6,15,https://www.ikea.com/kr/ko/p/stopp-anti-slip-underlay-40227879/,https://www.ikea.com/kr/ko/images/products/stopp-anti-slip-underlay__0603121_pe680683_s5.jpg?f=s,40227879
GÖRLÖSE 옐뢰세,"44,900",단모러그, 블랙/화이트,133x195 cm,4,8,https://www.ikea.com/kr/ko/p/goerloese-rug-low-pile-black-white-30320849/,https://www.ikea.com/kr/ko/images/products/goerloese-rug-low-pile-black-white__0428081_pe583333_s5.jpg?f=s,30320849
LANGSTED 랑스테드,"19,900",단모러그, 라이트블루,60x90 cm,5,7,https://www.ikea.com/kr/ko/p/langsted-rug-low-pile-light-blue-00495176/,https://www.ikea.com/kr/ko/images/products/langsted-rug-low-pile-light-blue__0936206_pe793169_s5.jpg?f=s,00495176
RAKLEV 라클레브,"49,900",평직러그, 핸드메이드 내추럴/멀티컬러,70x160 cm,3.6,5,https://www.ikea.com/kr/ko/p/raklev-rug-flatwoven-handmade-natural-multicolour-50408025/,https://www.ikea.com/kr/ko/images/products/raklev-rug-flatwoven-handmade-natural-multicolour__0605573_pe681775_s5.jpg?f=s,50408025
MARSTRUP 마르스트루프,"249,000",단모러그, 베이지,160x230 cm,5,3,https://www.ikea.com/kr/ko/p/marstrup-rug-low-pile-beige-40482134/,https://www.ikea.com/kr/ko/images/products/marstrup-rug-low-pile-beige__0800574_pe767925_s5.jpg?f=s,40482134
TOFTLUND 토프틀룬드,"14,900",러그, 화이트,55x85 cm,4.6,21,https://www.ikea.com/kr/ko/p/toftlund-rug-white-80420243/,https://www.ikea.com/kr/ko/images/products/toftlund-rug-white__0617682_pe688130_s5.jpg?f=s,80420243
AVSKILDRA 아브스킬드라,"449,000",평직러그, 핸드메이드 다크그린,170x240 cm,No Review,No Review,https://www.ikea.com/kr/ko/p/avskildra-rug-flatwoven-handmade-dark-green-50512574/,https://www.ikea.com/kr/ko/images/products/avskildra-rug-flatwoven-handmade-dark-green__0989199_pe818407_s5.jpg?f=s,50512574
KLAMPENBORG 클람펜보리,"1,900",도어매트, 실내용,35x55 cm,4,4,https://www.ikea.com/kr/ko/p/klampenborg-door-mat-indoor-brown-20500110/,https://www.ikea.com/kr/ko/images/products/klampenborg-door-mat-indoor-brown__0972870_pe811785_s5.jpg?f=s,20500110
SPENTRUP 스펜트루프,"249,000",장모러그, 라이트그레이-터쿼이즈/도트,160x230 cm,No Review,No Review,https://www.ikea.com/kr/ko/p/spentrup-rug-high-pile-light-grey-turquoise-dotted-30514183/,https://www.ikea.com/kr/ko/images/products/spentrup-rug-high-pile-light-grey-turquoise-dotted__1014310_pe829583_s5.jpg?f=s,30514183
HJORTSVANG 요르트스방,"449,000",러그, 핸드메이드/오프화이트,160x230 cm,No Review,No Review,https://www.ikea.com/kr/ko/p/hjortsvang-rug-handmade-off-white-50494023/,https://www.ikea.com/kr/ko/images/products/hjortsvang-rug-handmade-off-white__0923795_pe788396_s5.jpg?f=s,50494023
MELHOLT 멜홀트,"99,900",평직러그, 핸드메이드 내추럴/다크블루,133x195 cm,No Review,No Review,https://www.ikea.com/kr/ko/p/melholt-rug-flatwoven-handmade-natural-dark-blue-20408022/,https://www.ikea.com/kr/ko/images/products/melholt-rug-flatwoven-handmade-natural-dark-blue__0605568_pe681770_s5.jpg?f=s,20408022
TRAMPA 트람파,"14,900",도어매트, 내추럴,60x90 cm,4.5,13,https://www.ikea.com/kr/ko/p/trampa-door-mat-natural-50172305/,https://www.ikea.com/kr/ko/images/products/trampa-door-mat-natural__0721300_pe733149_s5.jpg?f=s,50172305
HODDE 호데,"149,000",평직러그, 실내외,200x300 cm,5,3,https://www.ikea.com/kr/ko/p/hodde-rug-flatwoven-in-outdoor-grey-black-30298792/,https://www.ikea.com/kr/ko/images/products/hodde-rug-flatwoven-in-outdoor-grey-black__0530381_pe646686_s5.jpg?f=s,30298792
TVERSTED 트베르스테드,"199,000",단모러그, 베이지,133x195 cm,5,1,https://www.ikea.com/kr/ko/p/tversted-rug-low-pile-beige-10482135/,https://www.ikea.com/kr/ko/images/products/tversted-rug-low-pile-beige__0800578_pe767923_s5.jpg?f=s,10482135
ENGELSBORG 엥엘스보리,"249,000",단모러그, 베이지,160x230 cm,5,2,https://www.ikea.com/kr/ko/p/engelsborg-rug-low-pile-beige-70482123/,https://www.ikea.com/kr/ko/images/products/engelsborg-rug-low-pile-beige__0800570_pe767921_s5.jpg?f=s,70482123
VEDBÄK 베드베크,"49,900",단모러그, 멀티컬러,80x180 cm,4.4,7,https://www.ikea.com/kr/ko/p/vedbaek-rug-low-pile-multicolour-20450049/,https://www.ikea.com/kr/ko/images/products/vedbaek-rug-low-pile-multicolour__0714373_pe730081_s5.jpg?f=s,20450049
KOLDBY 콜드뷔,"299,000",소가죽, 브라운,No Size,No Review,No Review,https://www.ikea.com/kr/ko/p/koldby-cow-hide-brown-80222931/,https://www.ikea.com/kr/ko/images/products/koldby-cow-hide-brown__0602994_pe680615_s5.jpg?f=s,80222931
KÅSEBERGA 코세베리아,"69,900",요가 매트, 코르크,183x61 cm,No Review,No Review,https://www.ikea.com/kr/ko/p/kaseberga-yoga-mat-cork-50514417/,https://www.ikea.com/kr/ko/images/products/kaseberga-yoga-mat-cork__1058658_pe849388_s5.jpg?f=s,50514417
VINDUM 빈둠,"239,000",장모러그, 브라운,200x270 cm,No Review,No Review,https://www.ikea.com/kr/ko/p/vindum-rug-high-pile-brown-40445962/,https://www.ikea.com/kr/ko/images/products/vindum-rug-high-pile-brown__0766646_pe759378_s5.jpg?f=s,40445962
BREDEVAD 브레데바드,"29,900",평직러그, 지그재그 패턴 그린,75x150 cm,4.3,3,https://www.ikea.com/kr/ko/p/bredevad-rug-flatwoven-zigzag-pattern-green-10467724/,https://www.ikea.com/kr/ko/images/products/bredevad-rug-flatwoven-zigzag-pattern-green__0792272_pe764691_s5.jpg?f=s,10467724
SÖLLINGE 쇨링에,"24,900",평직러그, 그레이,65x150 cm,4.3,6,https://www.ikea.com/kr/ko/p/soellinge-rug-flatwoven-grey-60418769/,https://www.ikea.com/kr/ko/images/products/soellinge-rug-flatwoven-grey__0618418_pe688500_s5.jpg?f=s,60418769
PEDERSBORG 페데르스보리,"149,000",평직러그, 내추럴/오프화이트,133x195 cm,No Review,No Review,https://www.ikea.com/kr/ko/p/pedersborg-rug-flatwoven-natural-off-white-40500152/,https://www.ikea.com/kr/ko/images/products/pedersborg-rug-flatwoven-natural-off-white__0956229_pe804582_s5.jpg?f=s,40500152
VEDBÄK 베드베크,"179,000",단모러그, 멀티컬러,200x300 cm,4.6,7,https://www.ikea.com/kr/ko/p/vedbaek-rug-low-pile-multicolour-70450042/,https://www.ikea.com/kr/ko/images/products/vedbaek-rug-low-pile-multicolour__0714377_pe730080_s5.jpg?f=s,70450042
VAMDRUP 밤드루프,"299,000",평직러그, 핸드메이드/멀티컬러,170x240 cm,No Review,No Review,https://www.ikea.com/kr/ko/p/vamdrup-rug-flatwoven-handmade-multicolour-10507881/,https://www.ikea.com/kr/ko/images/products/vamdrup-rug-flatwoven-handmade-multicolour__0989201_pe818409_s5.jpg?f=s,10507881
VAMDRUP 밤드루프,"129,000",평직러그, 핸드메이드/멀티컬러,80x200 cm,No Review,No Review,https://www.ikea.com/kr/ko/p/vamdrup-rug-flatwoven-handmade-multicolour-80507873/,https://www.ikea.com/kr/ko/images/products/vamdrup-rug-flatwoven-handmade-multicolour__0989495_pe818503_s5.jpg?f=s,80507873
BRÖNDEN 브뢴덴,"429,000",단모러그, 핸드메이드 베이지,170x240 cm,4,1,https://www.ikea.com/kr/ko/p/broenden-rug-low-pile-handmade-beige-90480552/,https://www.ikea.com/kr/ko/images/products/broenden-rug-low-pile-handmade-beige__0804523_pe769465_s5.jpg?f=s,90480552
VRENSTED 브렌스테드,"49,900",평직러그, 실내외,133x195 cm,No Review,No Review,https://www.ikea.com/kr/ko/p/vrensted-rug-flatwoven-in-outdoor-beige-light-blue-60495197/,https://www.ikea.com/kr/ko/images/products/vrensted-rug-flatwoven-in-outdoor-beige-light-blue__0936257_pe793190_s5.jpg?f=s,60495197
STENLILLE 스텐릴레,"129,000",단모러그, 그린,170x240 cm,No Review,No Review,https://www.ikea.com/kr/ko/p/stenlille-rug-low-pile-green-60354989/,https://www.ikea.com/kr/ko/images/products/stenlille-rug-low-pile-green__0482186_pe619980_s5.jpg?f=s,60354989
HALVED 할베드,"249,000",평직러그, 핸드메이드 멀티컬러,170x240 cm,4,3,https://www.ikea.com/kr/ko/p/halved-rug-flatwoven-handmade-multicolour-00328229/,https://www.ikea.com/kr/ko/images/products/halved-rug-flatwoven-handmade-multicolour__0603024_pe680632_s5.jpg?f=s,00328229
STILLEBÄK 스틸레베크,"59,900",단모러그, 블루,133x195 cm,4.8,9,https://www.ikea.com/kr/ko/p/stillebaek-rug-low-pile-blue-80347846/,https://www.ikea.com/kr/ko/images/products/stillebaek-rug-low-pile-blue__0482213_pe620041_s5.jpg?f=s,80347846
JÄTTELIK 예텔리크,"24,900",평직러그, 다이노소어 트랙/그린,100 cm,5,5,https://www.ikea.com/kr/ko/p/jaettelik-rug-flatwoven-dinosaur-tracks-green-60464172/,https://www.ikea.com/kr/ko/images/products/jaettelik-rug-flatwoven-dinosaur-tracks-green__0806336_pe769905_s5.jpg?f=s,60464172
KATTRUP 카트루프,"89,900",평직러그, 핸드메이드/블루,75x150 cm,No Review,No Review,https://www.ikea.com/kr/ko/p/kattrup-rug-flatwoven-handmade-blue-40481002/,https://www.ikea.com/kr/ko/images/products/kattrup-rug-flatwoven-handmade-blue__0806485_pe769961_s5.jpg?f=s,40481002
HJORTHEDE 요르테데,"449,000",러그, 핸드메이드/그레이,170x240 cm,No Review,No Review,https://www.ikea.com/kr/ko/p/hjorthede-rug-handmade-grey-40492637/,https://www.ikea.com/kr/ko/images/products/hjorthede-rug-handmade-grey__0710119_pe727322_s5.jpg?f=s,40492637
SINDAL 신달,"6,900",도어매트, 내추럴,50x80 cm,4.2,6,https://www.ikea.com/kr/ko/p/sindal-door-mat-natural-30172245/,https://www.ikea.com/kr/ko/images/products/sindal-door-mat-natural__76475_pe087957_s5.jpg?f=s,30172245
OPLEV 오플레브,"12,900",도어매트, 실내외겸용 그레이,50x80 cm,4.9,12,https://www.ikea.com/kr/ko/p/oplev-door-mat-in-outdoor-grey-00308995/,https://www.ikea.com/kr/ko/images/products/oplev-door-mat-in-outdoor-grey__0721304_pe733153_s5.jpg?f=s,00308995
UGILT 우길트,"29,900",평직러그, 블랙/베이지,80x150 cm,5,1,https://www.ikea.com/kr/ko/p/ugilt-rug-flatwoven-black-beige-30418775/,https://www.ikea.com/kr/ko/images/products/ugilt-rug-flatwoven-black-beige__0654688_pe708769_s5.jpg?f=s,30418775
LOVRUP 로브루프,"199,000",평직러그, 핸드메이드 블루,133x195 cm,No Review,No Review,https://www.ikea.com/kr/ko/p/lovrup-rug-flatwoven-handmade-blue-10438543/,https://www.ikea.com/kr/ko/images/products/lovrup-rug-flatwoven-handmade-blue__0662725_pe712153_s5.jpg?f=s,10438543
VODSKOV 보스코브,"59,900",평직러그, 내추럴/라이트그레이,80x150 cm,No Review,No Review,https://www.ikea.com/kr/ko/p/vodskov-rug-flatwoven-natural-light-grey-00512374/,https://www.ikea.com/kr/ko/images/products/vodskov-rug-flatwoven-natural-light-grey__1043590_pe841795_s5.jpg?f=s,00512374
KLOCKBUSKE 클로크부스케,"299,000",평직러그, 다크그레이/꽃,160x230 cm,No Review,No Review,https://www.ikea.com/kr/ko/p/klockbuske-rug-flatwoven-dark-grey-flower-30517186/,https://www.ikea.com/kr/ko/images/products/klockbuske-rug-flatwoven-dark-grey-flower__1030318_pe836207_s5.jpg?f=s,30517186
VINDEBÄK 빈데베크,"69,900",장모러그, 다크그린,130 cm,No Review,No Review,https://www.ikea.com/kr/ko/p/vindebaek-rug-high-pile-dark-green-10508418/,https://www.ikea.com/kr/ko/images/products/vindebaek-rug-high-pile-dark-green__0994152_pe820883_s5.jpg?f=s,10508418
STOCKHOLM 2017 스톡홀름 2017,"399,000",평직러그, 핸드메이드/스트라이프 그레이,250x350 cm,No Review,No Review,https://www.ikea.com/kr/ko/p/stockholm-2017-rug-flatwoven-handmade-striped-grey-00345342/,https://www.ikea.com/kr/ko/images/products/stockholm-2017-rug-flatwoven-handmade-striped-grey__0448991_pe598562_s5.jpg?f=s,00345342
STORABO 스토라보,"19,900",러그, 그린,75x133 cm,4.7,18,https://www.ikea.com/kr/ko/p/storabo-rug-green-30356824/,https://www.ikea.com/kr/ko/images/products/storabo-rug-green__0399526_pe564508_s5.jpg?f=s,30356824
LYDERSHOLM 뤼데르스홀름,"99,900",평직러그, 실내외,160x230 cm,5,1,https://www.ikea.com/kr/ko/p/lydersholm-rug-flatwoven-in-outdoor-medium-brown-90495412/,https://www.ikea.com/kr/ko/images/products/lydersholm-rug-flatwoven-in-outdoor-medium-brown__0963035_pe808276_s5.jpg?f=s,90495412
ULLERSLEV 울레르슬레브,"59,900",천연모피(양), 오프화이트,85 cm,4.3,7,https://www.ikea.com/kr/ko/p/ullerslev-sheepskin-off-white-50501052/,https://www.ikea.com/kr/ko/images/products/ullerslev-sheepskin-off-white__0603037_pe680644_s5.jpg?f=s,50501052
LEN 렌,"49,900",러그, 도트/그레이,133x160 cm,5,1,https://www.ikea.com/kr/ko/p/len-rug-dotted-grey-70453922/,https://www.ikea.com/kr/ko/images/products/len-rug-dotted-grey__0753459_pe747623_s5.jpg?f=s,70453922
VISTOFT 비스토프트,"179,000",평직러그, 내추럴,170x240 cm,No Review,No Review,https://www.ikea.com/kr/ko/p/vistoft-rug-flatwoven-natural-20407980/,https://www.ikea.com/kr/ko/images/products/vistoft-rug-flatwoven-natural__0624918_pe692017_s5.jpg?f=s,20407980
UPPTÅG 웁토그,"49,900",러그, 보트 패턴,133x160 cm,No Review,No Review,https://www.ikea.com/kr/ko/p/upptag-rug-boats-pattern-20440324/,https://www.ikea.com/kr/ko/images/products/upptag-rug-boats-pattern__0937433_pe793725_s5.jpg?f=s,20440324
GRACIÖS 그라시외스,"49,900",러그, 터쿼이즈,133x160 cm,5,1,https://www.ikea.com/kr/ko/p/gracioes-rug-turquoise-40473097/,https://www.ikea.com/kr/ko/images/products/gracioes-rug-turquoise__0774033_pe756580_s5.jpg?f=s,40473097
STOCKHOLM 2017 스톡홀름 2017,"299,000",평직러그, 핸드메이드/그물 패턴 그레이,170x240 cm,No Review,No Review,https://www.ikea.com/kr/ko/p/stockholm-2017-rug-flatwoven-handmade-net-pattern-grey-40345241/,https://www.ikea.com/kr/ko/images/products/stockholm-2017-rug-flatwoven-handmade-net-pattern-grey__0448989_pe598560_s5.jpg?f=s,40345241
VINDEBÄK 빈데베크,"19,900",장모러그, 그레이,80x80 cm,No Review,No Review,https://www.ikea.com/kr/ko/p/vindebaek-rug-high-pile-grey-50518868/,https://www.ikea.com/kr/ko/images/products/vindebaek-rug-high-pile-grey__1014737_pe829725_s5.jpg?f=s,50518868
KÖGE 셰게,"29,900",도어매트, 그레이/블랙,69x90 cm,4.2,5,https://www.ikea.com/kr/ko/p/koege-door-mat-grey-black-50287938/,https://www.ikea.com/kr/ko/images/products/koege-door-mat-grey-black__0721303_pe733152_s5.jpg?f=s,50287938
KÅSEBERGA 코세베리아,"49,900",평직러그, 화이트/옐로,120x180 cm,No Review,No Review,https://www.ikea.com/kr/ko/p/kaseberga-rug-flatwoven-white-yellow-50514337/,https://www.ikea.com/kr/ko/images/products/kaseberga-rug-flatwoven-white-yellow__1058604_pe849380_s5.jpg?f=s,50514337
URSKOG 우르스코그,"49,900",평직러그, 나뭇잎/그린,133x160 cm,5,2,https://www.ikea.com/kr/ko/p/urskog-rug-flatwoven-leaves-green-80393904/,https://www.ikea.com/kr/ko/images/products/urskog-rug-flatwoven-leaves-green__0560647_pe662456_s5.jpg?f=s,80393904
ÖSTERILD 외스테릴드,"7,900",도어매트, 실내용,60x90 cm,4.7,3,https://www.ikea.com/kr/ko/p/oesterild-door-mat-indoor-dark-grey-70495205/,https://www.ikea.com/kr/ko/images/products/oesterild-door-mat-indoor-dark-grey__0941916_pe795874_s5.jpg?f=s,70495205
STOCKHOLM 2017 스톡홀름 2017,"349,000",평직러그, 핸드메이드/지그재그 패턴 오렌지,170x240 cm,5,1,https://www.ikea.com/kr/ko/p/stockholm-2017-rug-flatwoven-handmade-zigzag-pattern-orange-30345350/,https://www.ikea.com/kr/ko/images/products/stockholm-2017-rug-flatwoven-handmade-zigzag-pattern-orange__0448983_pe598554_s5.jpg?f=s,30345350
UNDERSTED 운데르스테드,"7,900",도어매트, 실내용,40x60 cm,No Review,No Review,https://www.ikea.com/kr/ko/p/understed-door-mat-indoor-natural-black-70517943/,https://www.ikea.com/kr/ko/images/products/understed-door-mat-indoor-natural-black__1073199_pe855656_s5.jpg?f=s,70517943
VESTERVIG 베스테르비그,"399,000",평직러그, 핸드메이드 멀티컬러/다이아몬드 패턴,160x230 cm,No Review,No Review,https://www.ikea.com/kr/ko/p/vestervig-rug-flatwoven-handmade-multicolour-diamond-pattern-20521259/,https://www.ikea.com/kr/ko/images/products/vestervig-rug-flatwoven-handmade-multicolour-diamond-pattern__1014315_pe829609_s5.jpg?f=s,20521259
STAVREBY 스타브레뷔,"14,900",도어매트, 실내,40x60 cm,4.7,3,https://www.ikea.com/kr/ko/p/stavreby-door-mat-indoor-handmade-braided-natural-60481015/,https://www.ikea.com/kr/ko/images/products/stavreby-door-mat-indoor-handmade-braided-natural__0834501_pe778327_s5.jpg?f=s,60481015
KRÖNGE 크룅에,"429,000",단모러그, 핸드메이드/멀티컬러,170x240 cm,4,1,https://www.ikea.com/kr/ko/p/kroenge-rug-low-pile-handmade-multicolour-60372361/,https://www.ikea.com/kr/ko/images/products/kroenge-rug-low-pile-handmade-multicolour__0603023_pe680631_s5.jpg?f=s,60372361
TORRILD 토릴드,"59,900",단모러그, 멀티컬러,133x195 cm,5,1,https://www.ikea.com/kr/ko/p/torrild-rug-low-pile-multicolour-70390859/,https://www.ikea.com/kr/ko/images/products/torrild-rug-low-pile-multicolour__0555146_pe660162_s5.jpg?f=s,70390859
VATTENVERK 바텐베르크,"24,900",도어매트, 실내용,60x90 cm,No Review,No Review,https://www.ikea.com/kr/ko/p/vattenverk-door-mat-indoor-dark-grey-00517022/,https://www.ikea.com/kr/ko/images/products/vattenverk-door-mat-indoor-dark-grey__1046430_pe842962_s5.jpg?f=s,00517022
TÖMMERBY 툄메르뷔,"99,900",평직러그, 실내외,160x230 cm,No Review,No Review,https://www.ikea.com/kr/ko/p/toemmerby-rug-flatwoven-in-outdoor-dark-green-off-white-40495202/,https://www.ikea.com/kr/ko/images/products/toemmerby-rug-flatwoven-in-outdoor-dark-green-off-white__0936151_pe793151_s5.jpg?f=s,40495202
TINDBÄK 틴드베크,"6,900",도어매트, 실내용,40x60 cm,No Review,No Review,https://www.ikea.com/kr/ko/p/tindbaek-door-mat-indoor-natural-black-60507869/,https://www.ikea.com/kr/ko/images/products/tindbaek-door-mat-indoor-natural-black__0984597_pe816322_s5.jpg?f=s,60507869
STADSDEL 스타스델,"24,900",러그,No Color,130x133 cm,4.1,13,https://www.ikea.com/kr/ko/p/stadsdel-rug-10361911/,https://www.ikea.com/kr/ko/images/products/stadsdel-rug__0603178_pe680698_s5.jpg?f=s,10361911
KOLLUND 콜룬드,"429,000",평직러그, 핸드메이드 그레이,170x240 cm,No Review,No Review,https://www.ikea.com/kr/ko/p/kollund-rug-flatwoven-handmade-grey-40374568/,https://www.ikea.com/kr/ko/images/products/kollund-rug-flatwoven-handmade-grey__0533515_pe648639_s5.jpg?f=s,40374568
NÖDEBO 뇌데보,"429,000",단모러그, 핸드메이드/그린,170x240 cm,No Review,No Review,https://www.ikea.com/kr/ko/p/noedebo-rug-low-pile-handmade-green-70372332/,https://www.ikea.com/kr/ko/images/products/noedebo-rug-low-pile-handmade-green__0500596_pe631195_s5.jpg?f=s,70372332
TÅRBÄK 토르베크,"299,000",평직러그, 핸드메이드/그레이/베이지,170x240 cm,No Review,No Review,https://www.ikea.com/kr/ko/p/tarbaek-rug-flatwoven-handmade-grey-beige-60464619/,https://www.ikea.com/kr/ko/images/products/tarbaek-rug-flatwoven-handmade-grey-beige__0752887_pe747497_s5.jpg?f=s,60464619
TANNISBY 탄니스뷔,"299,000",평직러그, 핸드메이드/그레이 블랙,160x230 cm,No Review,No Review,https://www.ikea.com/kr/ko/p/tannisby-rug-flatwoven-handmade-grey-black-20500148/,https://www.ikea.com/kr/ko/images/products/tannisby-rug-flatwoven-handmade-grey-black__0937528_pe793780_s5.jpg?f=s,20500148
HELLESTED 헬레스테드,"79,900",평직러그, 내추럴/브라운,133x195 cm,3.8,4,https://www.ikea.com/kr/ko/p/hellested-rug-flatwoven-natural-brown-10407985/,https://www.ikea.com/kr/ko/images/products/hellested-rug-flatwoven-natural-brown__0630905_pe694976_s5.jpg?f=s,10407985
STOCKHOLM 스톡홀름,"449,000",평직러그, 핸드메이드/체크 브라운,250x350 cm,5,1,https://www.ikea.com/kr/ko/p/stockholm-rug-flatwoven-handmade-chequered-brown-80229032/,https://www.ikea.com/kr/ko/images/products/stockholm-rug-flatwoven-handmade-chequered-brown__0167739_pe321664_s5.jpg?f=s,80229032
HÖJERUP 회예루프,"39,900",장모러그, 그레이브라운,120x180 cm,5,3,https://www.ikea.com/kr/ko/p/hoejerup-rug-high-pile-grey-brown-00270153/,https://www.ikea.com/kr/ko/images/products/hoejerup-rug-high-pile-grey-brown__0410033_pe573173_s5.jpg?f=s,00270153
VETTERSLEV 베테르슬레브,"179,000",평직러그, 핸드메이드 멀티컬러,133x195 cm,No Review,No Review,https://www.ikea.com/kr/ko/p/vetterslev-rug-flatwoven-handmade-multicolour-30467407/,https://www.ikea.com/kr/ko/images/products/vetterslev-rug-flatwoven-handmade-multicolour__0771982_pe755858_s5.jpg?f=s,30467407
BUDDINGE 부딩에,"399,000",평직러그, 핸드메이드 멀티컬러/줄무늬 패턴,170x240 cm,No Review,No Review,https://www.ikea.com/kr/ko/p/buddinge-rug-flatwoven-handmade-multicolour-stripe-pattern-90514175/,https://www.ikea.com/kr/ko/images/products/buddinge-rug-flatwoven-handmade-multicolour-stripe-pattern__1014735_pe829724_s5.jpg?f=s,90514175
VISTOFT 비스토프트,"49,900",평직러그, 내추럴,80x150 cm,4,2,https://www.ikea.com/kr/ko/p/vistoft-rug-flatwoven-natural-30407994/,https://www.ikea.com/kr/ko/images/products/vistoft-rug-flatwoven-natural__0632128_pe695294_s5.jpg?f=s,30407994
VINDUM 빈둠,"119,000",장모러그, 브라운,133x180 cm,5,1,https://www.ikea.com/kr/ko/p/vindum-rug-high-pile-brown-20445963/,https://www.ikea.com/kr/ko/images/products/vindum-rug-high-pile-brown__0766646_pe759378_s5.jpg?f=s,20445963
SPARKÄR 스파르셰르,"9,900",도어매트, 실내,40x60 cm,5,2,https://www.ikea.com/kr/ko/p/sparkaer-door-mat-indoor-green-leaves-10481013/,https://www.ikea.com/kr/ko/images/products/sparkaer-door-mat-indoor-green-leaves__0806522_pe769972_s5.jpg?f=s,10481013
YDBY 위드뷔,"19,900",도어매트, 실내외겸용 블랙,58x79 cm,5,1,https://www.ikea.com/kr/ko/p/ydby-door-mat-in-outdoor-black-90230563/,https://www.ikea.com/kr/ko/images/products/ydby-door-mat-in-outdoor-black__0721299_pe733148_s5.jpg?f=s,90230563
TÅNUM 토눔,"9,900",평직러그, 여러 가지 색상,60x90 cm,4.4,14,https://www.ikea.com/kr/ko/p/tanum-rug-flatwoven-assorted-colours-10212676/,https://www.ikea.com/kr/ko/images/products/tanum-rug-flatwoven-assorted-colours__0949362_pe799670_s5.jpg?f=s,10212676
PERSISK KELIM GASHGAI 페르시스크 셸림 가스가이,"149,000",평직러그, 핸드메이드,55x200 cm,No Review,No Review,https://www.ikea.com/kr/ko/p/persisk-kelim-gashgai-rug-flatwoven-handmade-90299246/,https://www.ikea.com/kr/ko/images/products/persisk-kelim-gashgai-rug-flatwoven-handmade__0149900_pe308014_s5.jpg?f=s,90299246
RINDSHOLM 린스홀름,"79,900",평직러그, 베이지,160x230 cm,4,1,https://www.ikea.com/kr/ko/p/rindsholm-rug-flatwoven-beige-30448051/,https://www.ikea.com/kr/ko/images/products/rindsholm-rug-flatwoven-beige__0722291_pe733554_s5.jpg?f=s,30448051
PERSISK GABBEH L 페르시스크 가베 L,"999,000",장모러그, 핸드메이드 여러 가지 색상,110x175 cm,No Review,No Review,https://www.ikea.com/kr/ko/p/persisk-gabbeh-l-rug-high-pile-handmade-assorted-colours-60299224/,https://www.ikea.com/kr/ko/images/products/persisk-gabbeh-l-rug-high-pile-handmade-assorted-colours__0149904_pe308017_s5.jpg?f=s,60299224
HEMMAHOS 헴마호스,"29,900",놀이매트, 그레이,100x160 cm,5,3,https://www.ikea.com/kr/ko/p/hemmahos-play-mat-grey-40356692/,https://www.ikea.com/kr/ko/images/products/hemmahos-play-mat-grey__0418622_pe575679_s5.jpg?f=s,40356692
KRISTRUP 크리스트루프,"1,500",도어매트, 다크블루,35x55 cm,4.4,26,https://www.ikea.com/kr/ko/p/kristrup-door-mat-dark-blue-00315397/,https://www.ikea.com/kr/ko/images/products/kristrup-door-mat-dark-blue__0448503_pe598166_s5.jpg?f=s,00315397
RODELUND 로델룬드,"149,000",평직러그, 실내외,200x250 cm,5,2,https://www.ikea.com/kr/ko/p/rodelund-rug-flatwoven-in-outdoor-beige-90445889/,https://www.ikea.com/kr/ko/images/products/rodelund-rug-flatwoven-in-outdoor-beige__0771925_pe755848_s5.jpg?f=s,90445889
HIMMELSK 힘멜스크,"49,900",러그, 그레이,133x160 cm,No Review,No Review,https://www.ikea.com/kr/ko/p/himmelsk-rug-grey-30356777/,https://www.ikea.com/kr/ko/images/products/himmelsk-rug-grey__0387914_pe559125_s5.jpg?f=s,30356777
PERSISK MIX 페르시스크 믹스,"1,499,000",단모러그, 핸드메이드,200x300 cm,No Review,No Review,https://www.ikea.com/kr/ko/p/persisk-mix-rug-low-pile-handmade-20299264/,https://www.ikea.com/kr/ko/images/products/persisk-mix-rug-low-pile-handmade__0149906_pe308019_s5.jpg?f=s,20299264
PERSISK NAIN 페르시스크 나인,"399,000",단모러그,No Color,85x135 cm,No Review,No Review,https://www.ikea.com/kr/ko/p/persisk-nain-rug-low-pile-80303630/,https://www.ikea.com/kr/ko/images/products/persisk-nain-rug-low-pile__0149903_pe308016_s5.jpg?f=s,80303630
PERSISK KELIM TEKKEH 페르시스크 셸림 테케,"799,000",평직러그,No Color,150x200 cm,No Review,No Review,https://www.ikea.com/kr/ko/p/persisk-kelim-tekkeh-rug-flatwoven-50299540/,https://www.ikea.com/kr/ko/images/products/persisk-kelim-tekkeh-rug-flatwoven__0527045_pe645303_s5.jpg?f=s,50299540
PERSISK KELIM GASHGAI 페르시스크 셸림 가스가이,"799,000",평직러그, 핸드메이드 여러 패턴,170x250 cm,No Review,No Review,https://www.ikea.com/kr/ko/p/persisk-kelim-gashgai-rug-flatwoven-handmade-assorted-patterns-80299242/,https://www.ikea.com/kr/ko/images/products/persisk-kelim-gashgai-rug-flatwoven-handmade-assorted-patterns__0130085_pe284321_s5.jpg?f=s,80299242
PERSISK HAMADAN 페르시스크 하마단,"199,000",단모러그, 핸드메이드 여러 패턴,60x90 cm,No Review,No Review,https://www.ikea.com/kr/ko/p/persisk-hamadan-rug-low-pile-handmade-assorted-patterns-90299232/,https://www.ikea.com/kr/ko/images/products/persisk-hamadan-rug-low-pile-handmade-assorted-patterns__0130082_pe284294_s5.jpg?f=s,90299232
PERSISK KELIM GASHGAI 페르시스크 셸림 가스가이,"299,000",평직러그, 핸드메이드 여러 패턴,125x180 cm,No Review,No Review,https://www.ikea.com/kr/ko/p/persisk-kelim-gashgai-rug-flatwoven-handmade-assorted-patterns-60299243/,https://www.ikea.com/kr/ko/images/products/persisk-kelim-gashgai-rug-flatwoven-handmade-assorted-patterns__0130084_pe284320_s5.jpg?f=s,60299243
PERSISK BELUTCH 페르시스크 벨룻크,"399,000",단모러그, 핸드메이드 여러 패턴,100x200 cm,5,1,https://www.ikea.com/kr/ko/p/persisk-belutch-rug-low-pile-handmade-assorted-patterns-00299222/,https://www.ikea.com/kr/ko/images/products/persisk-belutch-rug-low-pile-handmade-assorted-patterns__0130087_pe284323_s5.jpg?f=s,00299222
VALLENSVED 발렌스베드,"9,900",도어매트, 실내용,40x60 cm,No Review,No Review,https://www.ikea.com/kr/ko/p/vallensved-door-mat-indoor-natural-20490521/,https://www.ikea.com/kr/ko/images/products/vallensved-door-mat-indoor-natural__0934086_pe792318_s5.jpg?f=s,20490521
SÖLLESTED 쇨레스테드,"7,900",도어매트, 실내용,40x60 cm,No Review,No Review,https://www.ikea.com/kr/ko/p/soellested-door-mat-indoor-natural-stripe-50514083/,https://www.ikea.com/kr/ko/images/products/soellested-door-mat-indoor-natural-stripe__1013285_pe829106_s5.jpg?f=s,50514083
MEJLS 메일스,"3,900",도어매트, 동그라미 패턴 그레이/블랙,40x60 cm,4.3,4,https://www.ikea.com/kr/ko/p/mejls-door-mat-circle-pattern-grey-black-70392434/,https://www.ikea.com/kr/ko/images/products/mejls-door-mat-circle-pattern-grey-black__0721312_pe733161_s5.jpg?f=s,70392434
PERSISK HAMADAN 페르시스크 하마단,"999,000",단모러그, 핸드메이드 여러 패턴,140x200 cm,No Review,No Review,https://www.ikea.com/kr/ko/p/persisk-hamadan-rug-low-pile-handmade-assorted-patterns-10299231/,https://www.ikea.com/kr/ko/images/products/persisk-hamadan-rug-low-pile-handmade-assorted-patterns__0130081_pe284293_s5.jpg?f=s,10299231
VINDUM 빈둠,"169,000",장모러그, 브라운,170x230 cm,No Review,No Review,https://www.ikea.com/kr/ko/p/vindum-rug-high-pile-brown-50445966/,https://www.ikea.com/kr/ko/images/products/vindum-rug-high-pile-brown__0766646_pe759378_s5.jpg?f=s,50445966
RESENSTAD 레센스타드,"399,000",평직러그, 핸드메이드 멀티컬러,170x240 cm,No Review,No Review,https://www.ikea.com/kr/ko/p/resenstad-rug-flatwoven-handmade-multicolour-50480549/,https://www.ikea.com/kr/ko/images/products/resenstad-rug-flatwoven-handmade-multicolour__0805247_pe769460_s5.jpg?f=s,50480549
TIPHEDE 팁헤데,"30,000",평직러그, 블랙/내추럴,155x220 cm,3.9,52,https://www.ikea.com/kr/ko/p/tiphede-rug-flatwoven-black-natural-60470045/,https://www.ikea.com/kr/ko/images/products/tiphede-rug-flatwoven-black-natural__0772070_pe755883_s5.jpg?f=s,60470045
SPORUP 스포루프,"149,000",단모러그, 브라운,200x300 cm,4.5,16,https://www.ikea.com/kr/ko/p/sporup-rug-low-pile-brown-40453443/,https://www.ikea.com/kr/ko/images/products/sporup-rug-low-pile-brown__0730388_pe737529_s5.jpg?f=s,40453443
SPORUP 스포루프,"149,000",단모러그, 라이트베이지,200x300 cm,4.5,16,https://www.ikea.com/kr/ko/p/sporup-rug-low-pile-light-beige-60453437/,https://www.ikea.com/kr/ko/images/products/sporup-rug-low-pile-light-beige__0730392_pe737511_s5.jpg?f=s,60453437
SPORUP 스포루프,"69,900",단모러그, 라이트베이지,133x195 cm,4.5,16,https://www.ikea.com/kr/ko/p/sporup-rug-low-pile-light-beige-50453428/,https://www.ikea.com/kr/ko/images/products/sporup-rug-low-pile-light-beige__0730380_pe737521_s5.jpg?f=s,50453428
SPORUP 스포루프,"69,900",단모러그, 블랙,133x195 cm,4.5,16,https://www.ikea.com/kr/ko/p/sporup-rug-low-pile-black-50487640/,https://www.ikea.com/kr/ko/images/products/sporup-rug-low-pile-black__0918169_pe786126_s5.jpg?f=s,50487640
SPORUP 스포루프,"119,000",단모러그, 라이트베이지,170x240 cm,4.5,16,https://www.ikea.com/kr/ko/p/sporup-rug-low-pile-light-beige-40453424/,https://www.ikea.com/kr/ko/images/products/sporup-rug-low-pile-light-beige__0730386_pe737527_s5.jpg?f=s,40453424
STOENSE 스토엔세,"149,000",단모러그, 오프화이트,170x240 cm,4.5,45,https://www.ikea.com/kr/ko/p/stoense-rug-low-pile-off-white-00425536/,https://www.ikea.com/kr/ko/images/products/stoense-rug-low-pile-off-white__0624386_pe691799_s5.jpg?f=s,00425536
STOENSE 스토엔세,"89,900",단모러그, 오프화이트,133x195 cm,4.5,45,https://www.ikea.com/kr/ko/p/stoense-rug-low-pile-off-white-90425527/,https://www.ikea.com/kr/ko/images/products/stoense-rug-low-pile-off-white__0624373_pe691791_s5.jpg?f=s,90425527
STOENSE 스토엔세,"199,000",단모러그, 미디엄그레이,200x300 cm,4.5,45,https://www.ikea.com/kr/ko/p/stoense-rug-low-pile-medium-grey-20426832/,https://www.ikea.com/kr/ko/images/products/stoense-rug-low-pile-medium-grey__0624399_pe691812_s5.jpg?f=s,20426832
STOENSE 스토엔세,"149,000",단모러그, 라이트올리브그린,170x240 cm,4.5,45,https://www.ikea.com/kr/ko/p/stoense-rug-low-pile-light-olive-green-20500186/,https://www.ikea.com/kr/ko/images/products/stoense-rug-low-pile-light-olive-green__0956278_pe804587_s5.jpg?f=s,20500186
STOENSE 스토엔세,"89,900",단모러그, 라이트올리브그린,133x195 cm,4.5,45,https://www.ikea.com/kr/ko/p/stoense-rug-low-pile-light-olive-green-50500180/,https://www.ikea.com/kr/ko/images/products/stoense-rug-low-pile-light-olive-green__0956278_pe804587_s5.jpg?f=s,50500180
STOENSE 스토엔세,"89,900",단모러그, 미디엄그레이,133x195 cm,4.5,45,https://www.ikea.com/kr/ko/p/stoense-rug-low-pile-medium-grey-20427006/,https://www.ikea.com/kr/ko/images/products/stoense-rug-low-pile-medium-grey__0624371_pe691789_s5.jpg?f=s,20427006
STOENSE 스토엔세,"149,000",단모러그, 미디엄그레이,170x240 cm,4.5,45,https://www.ikea.com/kr/ko/p/stoense-rug-low-pile-medium-grey-00426833/,https://www.ikea.com/kr/ko/images/products/stoense-rug-low-pile-medium-grey__0624384_pe691797_s5.jpg?f=s,00426833
STOENSE 스토엔세,"89,900",단모러그, 미디엄블루,133x195 cm,4.5,45,https://www.ikea.com/kr/ko/p/stoense-rug-low-pile-medium-blue-70425533/,https://www.ikea.com/kr/ko/images/products/stoense-rug-low-pile-medium-blue__0624366_pe691786_s5.jpg?f=s,70425533
STOENSE 스토엔세,"49,900",단모러그, 라이트올리브그린,130 cm,4.3,10,https://www.ikea.com/kr/ko/p/stoense-rug-low-pile-light-olive-green-10500200/,https://www.ikea.com/kr/ko/images/products/stoense-rug-low-pile-light-olive-green__0956263_pe804585_s5.jpg?f=s,10500200
LANGSTED 랑스테드,"59,900",단모러그, 라이트그레이,133x195 cm,4.4,27,https://www.ikea.com/kr/ko/p/langsted-rug-low-pile-light-grey-30445934/,https://www.ikea.com/kr/ko/images/products/langsted-rug-low-pile-light-grey__0777951_pe759301_s5.jpg?f=s,30445934
LANGSTED 랑스테드,"99,900",단모러그, 라이트블루,170x240 cm,4.4,27,https://www.ikea.com/kr/ko/p/langsted-rug-low-pile-light-blue-40495179/,https://www.ikea.com/kr/ko/images/products/langsted-rug-low-pile-light-blue__0936206_pe793169_s5.jpg?f=s,40495179
LANGSTED 랑스테드,"59,900",단모러그, 베이지,133x195 cm,4.4,27,https://www.ikea.com/kr/ko/p/langsted-rug-low-pile-beige-20408036/,https://www.ikea.com/kr/ko/images/products/langsted-rug-low-pile-beige__0661989_pe711683_s5.jpg?f=s,20408036
LANGSTED 랑스테드,"59,900",단모러그, 라이트블루,133x195 cm,4.4,27,https://www.ikea.com/kr/ko/p/langsted-rug-low-pile-light-blue-70495173/,https://www.ikea.com/kr/ko/images/products/langsted-rug-low-pile-light-blue__0936206_pe793169_s5.jpg?f=s,70495173
LANGSTED 랑스테드,"99,900",단모러그, 라이트그레이,170x240 cm,4.4,27,https://www.ikea.com/kr/ko/p/langsted-rug-low-pile-light-grey-60445937/,https://www.ikea.com/kr/ko/images/products/langsted-rug-low-pile-light-grey__0777951_pe759301_s5.jpg?f=s,60445937
VONSBÄK 본스베크,"169,000",단모러그, 그린,200x300 cm,4.4,9,https://www.ikea.com/kr/ko/p/vonsbaek-rug-low-pile-green-80450032/,https://www.ikea.com/kr/ko/images/products/vonsbaek-rug-low-pile-green__0717875_pe731375_s5.jpg?f=s,80450032
VONSBÄK 본스베크,"89,900",단모러그, 그린,133x195 cm,4.4,9,https://www.ikea.com/kr/ko/p/vonsbaek-rug-low-pile-green-30450039/,https://www.ikea.com/kr/ko/images/products/vonsbaek-rug-low-pile-green__0717875_pe731375_s5.jpg?f=s,30450039
STOENSE 스토엔세,"49,900",단모러그, 미디엄그레이,80x150 cm,4.9,15,https://www.ikea.com/kr/ko/p/stoense-rug-low-pile-medium-grey-80427008/,https://www.ikea.com/kr/ko/images/products/stoense-rug-low-pile-medium-grey__0624417_pe691823_s5.jpg?f=s,80427008
STOENSE 스토엔세,"49,900",단모러그, 미디엄블루,80x150 cm,4.9,15,https://www.ikea.com/kr/ko/p/stoense-rug-low-pile-medium-blue-40426831/,https://www.ikea.com/kr/ko/images/products/stoense-rug-low-pile-medium-blue__0624413_pe691821_s5.jpg?f=s,40426831
LINDKNUD 린드크누드,"19,900",장모러그, 핑크,60x90 cm,4.8,34,https://www.ikea.com/kr/ko/p/lindknud-rug-high-pile-pink-20426281/,https://www.ikea.com/kr/ko/images/products/lindknud-rug-high-pile-pink__0674004_pe717499_s5.jpg?f=s,20426281
LINDKNUD 린드크누드,"39,900",장모러그, 다크그레이,80x150 cm,4.8,34,https://www.ikea.com/kr/ko/p/lindknud-rug-high-pile-dark-grey-30478726/,https://www.ikea.com/kr/ko/images/products/lindknud-rug-high-pile-dark-grey__0806500_pe769965_s5.jpg?f=s,30478726
MORUM 모룸,"79,900",평직러그, 실내외,160x230 cm,4.2,6,https://www.ikea.com/kr/ko/p/morum-rug-flatwoven-in-outdoor-dark-grey-20203558/,https://www.ikea.com/kr/ko/images/products/morum-rug-flatwoven-in-outdoor-dark-grey__0123531_pe279667_s5.jpg?f=s,20203558
KNARDRUP 크나르드루프,"129,000",단모러그, 라이트그레이,133x195 cm,4.3,3,https://www.ikea.com/kr/ko/p/knardrup-rug-low-pile-light-grey-00492601/,https://www.ikea.com/kr/ko/images/products/knardrup-rug-low-pile-light-grey__0933941_pe792253_s5.jpg?f=s,00492601
KNARDRUP 크나르드루프,"179,000",단모러그, 페일핑크,160x230 cm,4.3,3,https://www.ikea.com/kr/ko/p/knardrup-rug-low-pile-pale-pink-00492620/,https://www.ikea.com/kr/ko/images/products/knardrup-rug-low-pile-pale-pink__0933968_pe792254_s5.jpg?f=s,00492620
KNARDRUP 크나르드루프,"179,000",단모러그, 화이트,160x230 cm,4.3,3,https://www.ikea.com/kr/ko/p/knardrup-rug-low-pile-white-60492622/,https://www.ikea.com/kr/ko/images/products/knardrup-rug-low-pile-white__0933973_pe792259_s5.jpg?f=s,60492622
KNARDRUP 크나르드루프,"129,000",단모러그, 페일핑크,133x195 cm,4.3,3,https://www.ikea.com/kr/ko/p/knardrup-rug-low-pile-pale-pink-00492615/,https://www.ikea.com/kr/ko/images/products/knardrup-rug-low-pile-pale-pink__0933968_pe792254_s5.jpg?f=s,00492615
KNARDRUP 크나르드루프,"129,000",단모러그, 라이트그레이-그린,133x195 cm,4.3,3,https://www.ikea.com/kr/ko/p/knardrup-rug-low-pile-light-grey-green-20514150/,https://www.ikea.com/kr/ko/images/products/knardrup-rug-low-pile-light-grey-green__1014309_pe829578_s5.jpg?f=s,20514150
KNARDRUP 크나르드루프,"249,000",단모러그, 라이트그레이,200x300 cm,4.3,3,https://www.ikea.com/kr/ko/p/knardrup-rug-low-pile-light-grey-70511984/,https://www.ikea.com/kr/ko/images/products/knardrup-rug-low-pile-light-grey__0933941_pe792253_s5.jpg?f=s,70511984
KNARDRUP 크나르드루프,"179,000",단모러그, 라이트그레이,160x230 cm,4.3,3,https://www.ikea.com/kr/ko/p/knardrup-rug-low-pile-light-grey-90492588/,https://www.ikea.com/kr/ko/images/products/knardrup-rug-low-pile-light-grey__0933941_pe792253_s5.jpg?f=s,90492588
AUNING 아우닝,"19,900",주방매트, 다크그레이,45x120 cm,4.9,36,https://www.ikea.com/kr/ko/p/auning-kitchen-mat-dark-grey-70424048/,https://www.ikea.com/kr/ko/images/products/auning-kitchen-mat-dark-grey__0611092_pe685311_s5.jpg?f=s,70424048
LOHALS 로할스,"99,900",평직러그, 내추럴,160x230 cm,4.6,9,https://www.ikea.com/kr/ko/p/lohals-rug-flatwoven-natural-30277394/,https://www.ikea.com/kr/ko/images/products/lohals-rug-flatwoven-natural__0280221_pe419173_s5.jpg?f=s,30277394
LOHALS 로할스,"79,900",평직러그, 내추럴,133x195 cm,4.6,9,https://www.ikea.com/kr/ko/p/lohals-rug-flatwoven-natural-50511287/,https://www.ikea.com/kr/ko/images/products/lohals-rug-flatwoven-natural__0280221_pe419173_s5.jpg?f=s,50511287
BRYNDUM 브륀둠,"9,900",주방매트, 베이지,45x120 cm,4.6,54,https://www.ikea.com/kr/ko/p/bryndum-kitchen-mat-beige-00406335/,https://www.ikea.com/kr/ko/images/products/bryndum-kitchen-mat-beige__0448585_pe598252_s5.jpg?f=s,00406335
BRYNDUM 브륀둠,"17,900",주방매트, 그레이,45x180 cm,4.6,54,https://www.ikea.com/kr/ko/p/bryndum-kitchen-mat-grey-00435432/,https://www.ikea.com/kr/ko/images/products/bryndum-kitchen-mat-grey__0448508_pe598172_s5.jpg?f=s,00435432
BRYNDUM 브륀둠,"17,900",주방매트, 베이지,45x180 cm,4.6,54,https://www.ikea.com/kr/ko/p/bryndum-kitchen-mat-beige-20435431/,https://www.ikea.com/kr/ko/images/products/bryndum-kitchen-mat-beige__0448585_pe598252_s5.jpg?f=s,20435431
VINDEBÄK 빈데베크,"159,000",장모러그, 라이트베이지,200x300 cm,4.5,4,https://www.ikea.com/kr/ko/p/vindebaek-rug-high-pile-light-beige-30508064/,https://www.ikea.com/kr/ko/images/products/vindebaek-rug-high-pile-light-beige__0989204_pe818412_s5.jpg?f=s,30508064
VINDEBÄK 빈데베크,"69,900",장모러그, 라이트베이지,133x195 cm,4.5,4,https://www.ikea.com/kr/ko/p/vindebaek-rug-high-pile-light-beige-80507887/,https://www.ikea.com/kr/ko/images/products/vindebaek-rug-high-pile-light-beige__0989204_pe818412_s5.jpg?f=s,80507887
VINDEBÄK 빈데베크,"99,900",장모러그, 라이트베이지,160x230 cm,4.5,4,https://www.ikea.com/kr/ko/p/vindebaek-rug-high-pile-light-beige-00507891/,https://www.ikea.com/kr/ko/images/products/vindebaek-rug-high-pile-light-beige__0989204_pe818412_s5.jpg?f=s,00507891
VINDEBÄK 빈데베크,"69,900",장모러그, 그레이브라운,133x195 cm,4.5,4,https://www.ikea.com/kr/ko/p/vindebaek-rug-high-pile-grey-brown-40512329/,https://www.ikea.com/kr/ko/images/products/vindebaek-rug-high-pile-grey-brown__0989202_pe818410_s5.jpg?f=s,40512329
VINDEBÄK 빈데베크,"99,900",장모러그, 다크그린,160x230 cm,4.5,4,https://www.ikea.com/kr/ko/p/vindebaek-rug-high-pile-dark-green-40507894/,https://www.ikea.com/kr/ko/images/products/vindebaek-rug-high-pile-dark-green__0989203_pe818411_s5.jpg?f=s,40507894
VINDEBÄK 빈데베크,"99,900",장모러그, 그레이브라운,160x230 cm,4.5,4,https://www.ikea.com/kr/ko/p/vindebaek-rug-high-pile-grey-brown-60512333/,https://www.ikea.com/kr/ko/images/products/vindebaek-rug-high-pile-grey-brown__0989202_pe818410_s5.jpg?f=s,60512333
VINDUM 빈둠,"199,000",장모러그, 화이트,170x230 cm,4.8,9,https://www.ikea.com/kr/ko/p/vindum-rug-high-pile-white-50344991/,https://www.ikea.com/kr/ko/images/products/vindum-rug-high-pile-white__0721736_pe733367_s5.jpg?f=s,50344991
VINDUM 빈둠,"279,000",장모러그, 그린,200x270 cm,4.8,9,https://www.ikea.com/kr/ko/p/vindum-rug-high-pile-green-50445952/,https://www.ikea.com/kr/ko/images/products/vindum-rug-high-pile-green__0770693_pe755604_s5.jpg?f=s,50445952
VODSKOV 보스코브,"169,000",평직러그, 내추럴/라이트그레이,170x240 cm,No Review,No Review,https://www.ikea.com/kr/ko/p/vodskov-rug-flatwoven-natural-light-grey-70512380/,https://www.ikea.com/kr/ko/images/products/vodskov-rug-flatwoven-natural-light-grey__1047700_pe843490_s5.jpg?f=s,70512380
VODSKOV 보스코브,"249,000",평직러그, 내추럴/라이트그레이,200x300 cm,No Review,No Review,https://www.ikea.com/kr/ko/p/vodskov-rug-flatwoven-natural-light-grey-60512371/,https://www.ikea.com/kr/ko/images/products/vodskov-rug-flatwoven-natural-light-grey__1043589_pe841794_s5.jpg?f=s,60512371
SÖNDERÖD 쇤데뢰드,"249,000",장모러그, 라이트그레이-그린,170x240 cm,4.9,8,https://www.ikea.com/kr/ko/p/soenderoed-rug-high-pile-light-grey-green-50525166/,https://www.ikea.com/kr/ko/images/products/soenderoed-rug-high-pile-light-grey-green__1026827_pe834538_s5.jpg?f=s,50525166
HÖJET 회예트,"99,000",평직러그, 핸드메이드/베이지,133x195 cm,No Review,No Review,https://www.ikea.com/kr/ko/p/hoejet-rug-flatwoven-handmade-beige-00382042/,https://www.ikea.com/kr/ko/images/products/hoejet-rug-flatwoven-handmade-beige__0555096_pe660132_s5.jpg?f=s,00382042
VOLLERSLEV,"349,000",장모러그, 다크블루,160x230 cm,No Review,No Review,https://www.ikea.com/kr/ko/p/vollerslev-rug-high-pile-dark-blue-40492543/,https://www.ikea.com/kr/ko/images/products/rug-high-pile-dark-blue__0933595_pe792162_s5.jpg?f=s,40492543
VOLLERSLEV,"349,000",장모러그, 화이트,160x230 cm,No Review,No Review,https://www.ikea.com/kr/ko/p/vollerslev-rug-high-pile-white-70492546/,https://www.ikea.com/kr/ko/images/products/rug-high-pile-white__0933663_pe792171_s5.jpg?f=s,70492546
VOLLERSLEV,"199,000",장모러그, 다크블루,133x195 cm,No Review,No Review,https://www.ikea.com/kr/ko/p/vollerslev-rug-high-pile-dark-blue-50492566/,https://www.ikea.com/kr/ko/images/products/rug-high-pile-dark-blue__0933595_pe792162_s5.jpg?f=s,50492566
VOLLERSLEV,"199,000",장모러그, 라이트그린,133x195 cm,No Review,No Review,https://www.ikea.com/kr/ko/p/vollerslev-rug-high-pile-light-green-60518896/,https://www.ikea.com/kr/ko/images/products/rug-high-pile-light-green__1048399_pe843709_s5.jpg?f=s,60518896
LANGSTED 랑스테드,"19,900",단모러그, 라이트그레이,60x90 cm,5,7,https://www.ikea.com/kr/ko/p/langsted-rug-low-pile-light-grey-50445933/,https://www.ikea.com/kr/ko/images/products/langsted-rug-low-pile-light-grey__0777951_pe759301_s5.jpg?f=s,50445933
TOFTLUND 토프틀룬드,"14,900",러그, 그레이,55x85 cm,4.6,21,https://www.ikea.com/kr/ko/p/toftlund-rug-grey-20481017/,https://www.ikea.com/kr/ko/images/products/toftlund-rug-grey__0834498_pe778811_s5.jpg?f=s,20481017
KLAMPENBORG 클람펜보리,"3,900",도어매트, 실내용,50x80 cm,4,4,https://www.ikea.com/kr/ko/p/klampenborg-door-mat-indoor-blue-80500107/,https://www.ikea.com/kr/ko/images/products/klampenborg-door-mat-indoor-blue__0972876_pe811791_s5.jpg?f=s,80500107
TRAMPA 트람파,"5,900",도어매트, 내추럴,40x60 cm,4.5,13,https://www.ikea.com/kr/ko/p/trampa-door-mat-natural-70399044/,https://www.ikea.com/kr/ko/images/products/trampa-door-mat-natural__0721308_pe733157_s5.jpg?f=s,70399044
VEDBÄK 베드베크,"129,000",단모러그, 멀티컬러,170x230 cm,4.6,7,https://www.ikea.com/kr/ko/p/vedbaek-rug-low-pile-multicolour-60450047/,https://www.ikea.com/kr/ko/images/products/vedbaek-rug-low-pile-multicolour__0714375_pe730083_s5.jpg?f=s,60450047
VEDBÄK 베드베크,"99,900",단모러그, 멀티컬러,133x195 cm,4.6,7,https://www.ikea.com/kr/ko/p/vedbaek-rug-low-pile-multicolour-00450045/,https://www.ikea.com/kr/ko/images/products/vedbaek-rug-low-pile-multicolour__0714371_pe730079_s5.jpg?f=s,00450045
BRÖNDEN 브뢴덴,"429,000",단모러그, 핸드메이드 멀티컬러,170x240 cm,4,1,https://www.ikea.com/kr/ko/p/broenden-rug-low-pile-handmade-multicolour-00374565/,https://www.ikea.com/kr/ko/images/products/broenden-rug-low-pile-handmade-multicolour__0533505_pe648627_s5.jpg?f=s,00374565
VINDEBÄK 빈데베크,"69,900",장모러그, 라이트베이지,130 cm,No Review,No Review,https://www.ikea.com/kr/ko/p/vindebaek-rug-high-pile-light-beige-00508414/,https://www.ikea.com/kr/ko/images/products/vindebaek-rug-high-pile-light-beige__0994153_pe820884_s5.jpg?f=s,00508414
STOCKHOLM 스톡홀름,"399,000",평직러그, 핸드메이드/스트라이프 블랙/오프화이트,250x350 cm,No Review,No Review,https://www.ikea.com/kr/ko/p/stockholm-rug-flatwoven-handmade-striped-black-off-white-70166450/,https://www.ikea.com/kr/ko/images/products/stockholm-rug-flatwoven-handmade-striped-black-off-white__0523361_pe643765_s5.jpg?f=s,70166450
ULLERSLEV 울레르슬레브,"59,900",천연모피(양), 라이트그레이,85 cm,4.3,7,https://www.ikea.com/kr/ko/p/ullerslev-sheepskin-light-grey-60501301/,https://www.ikea.com/kr/ko/images/products/ullerslev-sheepskin-light-grey__0998462_pe823055_s5.jpg?f=s,60501301
ULLERSLEV 울레르슬레브,"59,900",천연모피(양), 라이트브라운,85 cm,4.3,7,https://www.ikea.com/kr/ko/p/ullerslev-sheepskin-light-brown-00508225/,https://www.ikea.com/kr/ko/images/products/ullerslev-sheepskin-light-brown__0998458_pe823054_s5.jpg?f=s,00508225
KÖGE 셰게,"69,900",도어매트, 그레이/블랙,102x152 cm,4.2,5,https://www.ikea.com/kr/ko/p/koege-door-mat-grey-black-90296605/,https://www.ikea.com/kr/ko/images/products/koege-door-mat-grey-black__0721307_pe733156_s5.jpg?f=s,90296605
ÖSTERILD 외스테릴드,"4,900",도어매트, 실내용,40x60 cm,4.7,3,https://www.ikea.com/kr/ko/p/oesterild-door-mat-indoor-dark-grey-60511116/,https://www.ikea.com/kr/ko/images/products/oesterild-door-mat-indoor-dark-grey__0941916_pe795874_s5.jpg?f=s,60511116
VATTENVERK 바텐베르크,"59,900",도어매트, 실내용,100x150 cm,No Review,No Review,https://www.ikea.com/kr/ko/p/vattenverk-door-mat-indoor-dark-grey-80517018/,https://www.ikea.com/kr/ko/images/products/vattenverk-door-mat-indoor-dark-grey__1046430_pe842962_s5.jpg?f=s,80517018
SPORUP 스포루프,"69,900",단모러그, 브라운,133x195 cm,4.5,16,https://www.ikea.com/kr/ko/p/sporup-rug-low-pile-brown-60453442/,https://www.ikea.com/kr/ko/images/products/sporup-rug-low-pile-brown__0730372_pe737513_s5.jpg?f=s,60453442
STOENSE 스토엔세,"149,000",단모러그, 다크그레이,170x240 cm,4.5,45,https://www.ikea.com/kr/ko/p/stoense-rug-low-pile-dark-grey-10426823/,https://www.ikea.com/kr/ko/images/products/stoense-rug-low-pile-dark-grey__0624381_pe691796_s5.jpg?f=s,10426823
STOENSE 스토엔세,"89,900",단모러그, 퍼플,133x195 cm,4.5,45,https://www.ikea.com/kr/ko/p/stoense-rug-low-pile-purple-50429546/,https://www.ikea.com/kr/ko/images/products/stoense-rug-low-pile-purple__0624375_pe691793_s5.jpg?f=s,50429546
STOENSE 스토엔세,"49,900",단모러그, 미디엄그레이,130 cm,4.3,10,https://www.ikea.com/kr/ko/p/stoense-rug-low-pile-medium-grey-60426830/,https://www.ikea.com/kr/ko/images/products/stoense-rug-low-pile-medium-grey__0622587_pe690625_s5.jpg?f=s,60426830
STOENSE 스토엔세,"49,900",단모러그, 퍼플,130 cm,4.3,10,https://www.ikea.com/kr/ko/p/stoense-rug-low-pile-purple-90429549/,https://www.ikea.com/kr/ko/images/products/stoense-rug-low-pile-purple__0622602_pe690633_s5.jpg?f=s,90429549
MORUM 모룸,"129,000",평직러그, 실내외,200x300 cm,4.2,6,https://www.ikea.com/kr/ko/p/morum-rug-flatwoven-in-outdoor-beige-10198294/,https://www.ikea.com/kr/ko/images/products/morum-rug-flatwoven-in-outdoor-beige__0123529_pe279665_s5.jpg?f=s,10198294
MORUM 모룸,"129,000",평직러그, 실내외,200x300 cm,4.2,6,https://www.ikea.com/kr/ko/p/morum-rug-flatwoven-in-outdoor-dark-grey-60198296/,https://www.ikea.com/kr/ko/images/products/morum-rug-flatwoven-in-outdoor-dark-grey__0123531_pe279667_s5.jpg?f=s,60198296
VINDUM 빈둠,"199,000",장모러그, 그린,170x230 cm,4.8,9,https://www.ikea.com/kr/ko/p/vindum-rug-high-pile-green-60445956/,https://www.ikea.com/kr/ko/images/products/vindum-rug-high-pile-green__0770693_pe755604_s5.jpg?f=s,60445956
LANGSTED 랑스테드,"19,900",단모러그, 베이지,60x90 cm,5,7,https://www.ikea.com/kr/ko/p/langsted-rug-low-pile-beige-10423933/,https://www.ikea.com/kr/ko/images/products/langsted-rug-low-pile-beige__0661978_pe711672_s5.jpg?f=s,10423933
STOCKHOLM 스톡홀름,"299,000",평직러그, 핸드메이드/스트라이프 블랙/오프화이트,170x240 cm,No Review,No Review,https://www.ikea.com/kr/ko/p/stockholm-rug-flatwoven-handmade-striped-black-off-white-90166449/,https://www.ikea.com/kr/ko/images/products/stockholm-rug-flatwoven-handmade-striped-black-off-white__56123_pe161531_s5.jpg?f=s,90166449
TIPHEDE 팁헤데,"18,000",평직러그, 내추럴/블랙,120x180 cm,3.9,52,https://www.ikea.com/kr/ko/p/tiphede-rug-flatwoven-natural-black-00456759/,https://www.ikea.com/kr/ko/images/products/tiphede-rug-flatwoven-natural-black__0772066_pe755879_s5.jpg?f=s,00456759
STOENSE 스토엔세,"49,900",단모러그, 오프화이트,130 cm,4.3,10,https://www.ikea.com/kr/ko/p/stoense-rug-low-pile-off-white-80426805/,https://www.ikea.com/kr/ko/images/products/stoense-rug-low-pile-off-white__0622593_pe690629_s5.jpg?f=s,80426805
LANGSTED 랑스테드,"59,900",단모러그, 옐로,133x195 cm,4.4,27,https://www.ikea.com/kr/ko/p/langsted-rug-low-pile-yellow-00408056/,https://www.ikea.com/kr/ko/images/products/langsted-rug-low-pile-yellow__0708105_pe726548_s5.jpg?f=s,00408056
SPORUP 스포루프,"119,000",단모러그, 브라운,170x240 cm,4.5,16,https://www.ikea.com/kr/ko/p/sporup-rug-low-pile-brown-10453430/,https://www.ikea.com/kr/ko/images/products/sporup-rug-low-pile-brown__0730382_pe737523_s5.jpg?f=s,10453430
GRACIÖS 그라시외스,"49,900",러그, 핑크/블루,133x160 cm,4.8,4,https://www.ikea.com/kr/ko/p/gracioes-rug-pink-blue-50462512/,https://www.ikea.com/kr/ko/images/products/gracioes-rug-pink-blue__0774028_pe756576_s5.jpg?f=s,50462512
STOENSE 스토엔세,"199,000",단모러그, 오프화이트,200x300 cm,4.5,45,https://www.ikea.com/kr/ko/p/stoense-rug-low-pile-off-white-00426809/,https://www.ikea.com/kr/ko/images/products/stoense-rug-low-pile-off-white__0624402_pe691814_s5.jpg?f=s,00426809
BUSENKEL 부셍켈,"69,900",러그, 할리퀸 패턴/멀티컬러,130x160 cm,No Review,No Review,https://www.ikea.com/kr/ko/p/busenkel-rug-harlequin-pattern-multicolour-40520428/,https://www.ikea.com/kr/ko/images/products/busenkel-rug-harlequin-pattern-multicolour__1032940_pe837065_s5.jpg?f=s,40520428
VONSBÄK 본스베크,"119,000",단모러그, 그린,170x230 cm,4.4,9,https://www.ikea.com/kr/ko/p/vonsbaek-rug-low-pile-green-50450038/,https://www.ikea.com/kr/ko/images/products/vonsbaek-rug-low-pile-green__0717879_pe731373_s5.jpg?f=s,50450038
STOENSE 스토엔세,"49,900",단모러그, 오프화이트,80x150 cm,4.9,15,https://www.ikea.com/kr/ko/p/stoense-rug-low-pile-off-white-60426806/,https://www.ikea.com/kr/ko/images/products/stoense-rug-low-pile-off-white__0624419_pe691827_s5.jpg?f=s,60426806
LINDKNUD 린드크누드,"19,900",장모러그, 베이지,60x90 cm,4.8,34,https://www.ikea.com/kr/ko/p/lindknud-rug-high-pile-beige-40426280/,https://www.ikea.com/kr/ko/images/products/lindknud-rug-high-pile-beige__0674006_pe717502_s5.jpg?f=s,40426280
PILLEMARK 필레마르크,"17,900",도어매트, 실내,50x90 cm,4.8,4,https://www.ikea.com/kr/ko/p/pillemark-door-mat-indoor-rainbow-50481011/,https://www.ikea.com/kr/ko/images/products/pillemark-door-mat-indoor-rainbow__0806525_pe769978_s5.jpg?f=s,50481011
VIRKLUND 비르클룬드,"19,900",평직러그, 실내외,80x150 cm,No Review,No Review,https://www.ikea.com/kr/ko/p/virklund-rug-flatwoven-in-outdoor-white-beige-dark-grey-80517947/,https://www.ikea.com/kr/ko/images/products/virklund-rug-flatwoven-in-outdoor-white-beige-dark-grey__1048382_pe843704_s5.jpg?f=s,80517947
BRYNDUM 브륀둠,"9,900",주방매트, 그레이,45x120 cm,4.6,54,https://www.ikea.com/kr/ko/p/bryndum-kitchen-mat-grey-60406337/,https://www.ikea.com/kr/ko/images/products/bryndum-kitchen-mat-grey__0448508_pe598172_s5.jpg?f=s,60406337
MORUM 모룸,"29,900",평직러그, 실내외,80x200 cm,5,1,https://www.ikea.com/kr/ko/p/morum-rug-flatwoven-in-outdoor-dark-grey-90203574/,https://www.ikea.com/kr/ko/images/products/morum-rug-flatwoven-in-outdoor-dark-grey__0123534_pe279670_s5.jpg?f=s,90203574
AUNING 아우닝,"19,900",주방매트, 베이지,45x120 cm,4.9,36,https://www.ikea.com/kr/ko/p/auning-kitchen-mat-beige-80414765/,https://www.ikea.com/kr/ko/images/products/auning-kitchen-mat-beige__0588900_pe673223_s5.jpg?f=s,80414765
MORUM 모룸,"79,900",평직러그, 실내외,160x230 cm,4.2,6,https://www.ikea.com/kr/ko/p/morum-rug-flatwoven-in-outdoor-beige-00203564/,https://www.ikea.com/kr/ko/images/products/morum-rug-flatwoven-in-outdoor-beige__0123529_pe279665_s5.jpg?f=s,00203564
RÖRKÄR 뢰르셰르,"29,900",평직러그, 블랙/내추럴,80x150 cm,4.3,3,https://www.ikea.com/kr/ko/p/roerkaer-rug-flatwoven-black-natural-50418779/,https://www.ikea.com/kr/ko/images/products/roerkaer-rug-flatwoven-black-natural__0617670_pe688119_s5.jpg?f=s,50418779
VINDUM 빈둠,"279,000",장모러그, 화이트,200x270 cm,4.8,9,https://www.ikea.com/kr/ko/p/vindum-rug-high-pile-white-90344989/,https://www.ikea.com/kr/ko/images/products/vindum-rug-high-pile-white__0721735_pe733365_s5.jpg?f=s,90344989
SÖNDERÖD 쇤데뢰드,"249,000",장모러그, 블루,170x240 cm,4.9,8,https://www.ikea.com/kr/ko/p/soenderoed-rug-high-pile-blue-80345847/,https://www.ikea.com/kr/ko/images/products/soenderoed-rug-high-pile-blue__0602993_pe680614_s5.jpg?f=s,80345847
KLEJS 클레이스,"3,000",평직러그, 베이지/화이트,50x80 cm,4.2,20,https://www.ikea.com/kr/ko/p/klejs-rug-flatwoven-beige-white-50418581/,https://www.ikea.com/kr/ko/images/products/klejs-rug-flatwoven-beige-white__0709753_pe727070_s5.jpg?f=s,50418581
SVÄRDBORG 스베르드보리,"299,000",평직러그, 핸드메이드 오프화이트/멀티컬러,133x195 cm,No Review,No Review,https://www.ikea.com/kr/ko/p/svaerdborg-rug-flatwoven-handmade-off-white-multicolour-00507928/,https://www.ikea.com/kr/ko/images/products/svaerdborg-rug-flatwoven-handmade-off-white-multicolour__0989200_pe818408_s5.jpg?f=s,00507928
VINDEBÄK 빈데베크,"69,900",장모러그, 다크그린,133x195 cm,4.5,4,https://www.ikea.com/kr/ko/p/vindebaek-rug-high-pile-dark-green-00507886/,https://www.ikea.com/kr/ko/images/products/vindebaek-rug-high-pile-dark-green__0989203_pe818411_s5.jpg?f=s,00507886
KNARDRUP 크나르드루프,"129,000",단모러그, 화이트,133x195 cm,4.3,3,https://www.ikea.com/kr/ko/p/knardrup-rug-low-pile-white-40492623/,https://www.ikea.com/kr/ko/images/products/knardrup-rug-low-pile-white__0933973_pe792259_s5.jpg?f=s,40492623
LOHALS 로할스,"39,900",평직러그, 내추럴,80x150 cm,4.7,9,https://www.ikea.com/kr/ko/p/lohals-rug-flatwoven-natural-00307482/,https://www.ikea.com/kr/ko/images/products/lohals-rug-flatwoven-natural__0428163_pe583379_s5.jpg?f=s,00307482
